PLAYER,TEAM_x,role,RUNS,SR,AVG_x,WICKETS,ECO,batting_cluster,batting_impact_score,expected_runs,value_tag
Aarya Desai,Gujarat,Batsman,287,146.43,0,,,2,158.729,207.1984275,Average Buy
Abdul Samad,Jammu and Kashmir,Batsman,139,151.09,0,,,0,100.927,209.6344949,Average Buy
Abhijeet Tomar,Rajasthan,Batsman,188,151.61,0,,,0,120.683,209.9063307,Average Buy
Abhishek Sharma,Punjab,All-Rounder,255,216.1,0,,,2,166.83,243.6192033,Average Buy
Abid Mushtaq,0,Bowler,0,0,0,,,1,0,-0.781858573,Average Buy
Abishek Porel,Bengal,Batsman,335,158.77,0,,,2,181.631,251.2014033,Average Buy
Aditya Tare,Uttarakhand,Batsman,180,150,0,,,0,117,209.0646851,Average Buy
Agni Chopra,Mizoram,Batsman,205,125,0,,,0,119.5,195.9956541,Average Buy
Ajay Dev Goud,0,Bowler,0,0,0,,,1,0,-0.781858573,Average Buy
Ajay Mandal,0,Bowler,0,0,0,,,1,0,-0.781858573,Average Buy
Ajay Rohera,Puducherry,Batsman,200,162.6,0,,,0,128.78,196.8754258,Average Buy
Ajinkya Rahane,Mumbai,Batsman,469,164.56,0,,,2,236.968,254.2281909,Average Buy
Ajoy Sarkar,0,Bowler,0,0,0,,,1,0,-0.781858573,Average Buy
Akash Kargave,Puducherry,Batsman,179,149.17,0,,,0,116.351,189.8547423,Average Buy
Akash Madhwal,0,Bowler,0,0,0,,,1,0,-0.781858573,Average Buy
Aniket Choudhary,0,Bowler,0,0,0,,,1,0,-0.781858573,Average Buy
Ankit Kumar,Haryana,Batsman,164,125.19,0,,,0,103.157,196.0949787,Average Buy
Ankur Panwar,0,Bowler,0,0,0,,,1,0,-0.781858573,Average Buy
Anmolpreet Singh,Punjab,Batsman,178,163.3,0,,,0,120.19,197.2413586,Average Buy
Anshul Kamboj,0,Bowler,0,0,0,,,1,0,-0.781858573,Average Buy
Anuj Rawat,Delhi,Batsman,192,141.18,0,,,0,119.154,223.229982,Average Buy
Anukul Roy,Jharkhand,All-Rounder,137,165.06,0,,,0,104.318,216.9374695,Average Buy
Apoorv Wankhade,Vidarbha,Batsman,139,175.95,0,,,0,108.385,203.8542884,Average Buy
Arpit Gaud,Madhya Pradesh,Batsman,185,125.85,0,,,0,111.755,233.9921032,Average Buy
Arpit Guleria,0,Bowler,0,0,0,,,1,0,-0.781858573,Average Buy
Arpit Subhas,Meghalaya,Batsman,172,104.88,0,,,0,100.264,185.4776979,Average Buy
Arshad Khan,0,Bowler,0,0,0,,,1,0,-0.781858573,Average Buy
Arshin Kulkarni,Maharashtra,Batsman,194,137.59,0,,,0,118.877,183.8011671,Average Buy
Arslan Khan,Chandigarh,Batsman,159,187.06,0,,,0,119.718,172.1100637,Average Buy
Arun Karthik,Puducherry,Batsman,191,160.5,0,,,0,124.55,195.7776272,Average Buy
Aryan Juyal,Uttar Pradesh,Batsman,220,141.94,0,,,0,130.582,242.4033316,Average Buy
Arzan Nagwaswalla,0,Bowler,0,0,0,,,1,0,-0.781858573,Average Buy
Ashutosh Sharma,Railways,Batsman,164,167.35,0,,,0,115.805,180.5824907,Average Buy
Ashwin Hebbar,Andhra Pradesh,Batsman,168,143.59,0,,,0,110.277,205.7137856,Average Buy
Atharva Taide,Vidarbha,Batsman,189,142.11,0,,,0,118.233,186.1640479,Average Buy
Atit Sheth,0,Bowler,0,0,0,,,1,0,-0.781858573,Average Buy
Auqib Nabi,0,Bowler,0,0,0,,,1,0,-0.781858573,Average Buy
Avesh Khan,0,Bowler,0,0,0,,,1,0,-0.781858573,Average Buy
Avinav Choudhury,0,Bowler,0,0,0,,,1,0,-0.781858573,Average Buy
Axar Patel,0,Bowler,0,0,0,,,1,0,-0.781858573,Average Buy
Ayush Badoni,Delhi,Batsman,180,132.35,0,,,0,111.705,237.3900513,Average Buy
Baba Indrajith,Tamil Nadu,Batsman,206,188.99,0,,,0,139.097,229.447146,Average Buy
Bal Krishna,0,Bowler,0,0,0,,,1,0,-0.781858573,Average Buy
Baltej Singh,0,Bowler,0,0,0,,,1,0,-0.781858573,Average Buy
Bhanu Pania,Baroda,Batsman,273,214.96,0,,,2,173.688,280.5753576,Average Buy
Bharat Sharma,Rajasthan,Batsman,190,149.61,0,,,0,120.883,208.8608083,Average Buy
Bhuvneshwar Kumar,0,Bowler,0,0,0,,,1,0,-0.781858573,Average Buy
Bikramkumar Das,Tripura,Batsman,183,148.78,0,,,0,117.834,152.0987633,Average Buy
Bishworjit Singh,0,Bowler,0,0,0,,,1,0,-0.781858573,Average Buy
Chama Milind,0,Bowler,0,0,0,,,1,0,-0.781858573,Average Buy
Cheepurapalli Stephen,0,Bowler,0,0,0,,,1,0,-0.781858573,Average Buy
Chetan Bist,Nagaland,Batsman,139,120.87,0,,,0,91.861,175.0605991,Average Buy
Chintan Gaja,0,Bowler,0,0,0,,,1,0,-0.781858573,Average Buy
Chirag Jani,0,Bowler,0,0,0,,,1,0,-0.781858573,Average Buy
Darshan Misal,Goa,Batsman,153,177.91,0,,,0,114.573,204.8789004,Average Buy
Darshan Nalkande,0,Bowler,0,0,0,,,1,0,-0.781858573,Average Buy
Deepak Hooda,Rajasthan,Batsman,177,146.28,0,,,0,114.684,207.1200133,Average Buy
Dharmendrasinh Jadeja,0,Bowler,0,0,0,,,1,0,-0.781858573,Average Buy
Dipesh Parwani,0,Bowler,0,0,0,,,1,0,-0.781858573,Average Buy
Felix Alemao,0,Bowler,0,0,0,,,1,0,-0.781858573,Average Buy
Gangam Anikethreddy,0,Bowler,0,0,0,,,1,0,-0.781858573,Average Buy
Gourav Choudhary,Odisha,Batsman,154,173.03,0,,,0,113.509,183.5517745,Average Buy
Gurjapneet Singh,0,Bowler,0,0,0,,,1,0,-0.781858573,Average Buy
Hardik Pandya,Baroda,Batsman,246,193.7,0,,,2,156.51,231.9093515,Average Buy
Harpreet Singh,Madhya Pradesh,Batsman,297,134.39,0,,,2,159.117,257.2325352,Average Buy
Harsh Tyagi,0,Bowler,0,0,0,,,1,0,-0.781858573,Average Buy
Harshal Patel,0,Bowler,0,0,0,,,1,0,-0.781858573,Average Buy
Harvik Desai,Saurashtra,Batsman,323,152.36,0,,,2,174.908,229.0744527,Average Buy
Hemang Patel,Gujarat,Batsman,163,177.17,0,,,0,118.351,223.2681081,Average Buy
Himanshu Rana,Haryana,Batsman,186,128.28,0,,,0,112.884,197.7103109,Average Buy
Himmat Singh,Delhi,Batsman,197,148.12,0,,,0,123.236,226.857945,Average Buy
Ishan Kishan,Jharkhand,Batsman,161,167.71,0,,,0,114.713,199.5467357,Average Buy
Ishant Sharma,0,Bowler,0,0,0,,,1,0,-0.781858573,Average Buy
Jagjit Singh,0,Bowler,0,0,0,,,1,0,-0.781858573,Average Buy
Jay Gohil,Saurashtra,Batsman,139,193.06,0,,,0,113.518,250.3508353,Average Buy
Jaydev Unadkat,0,Bowler,0,0,0,,,1,0,-0.781858573,Average Buy
KV Sasikanth,0,Bowler,0,0,0,,,1,0,-0.781858573,Average Buy
Kamlesh Nagarkoti,0,Bowler,0,0,0,,,1,0,-0.781858573,Average Buy
Kangabam Priyojit,Manipur,Batsman,198,93.84,0,,,0,107.352,179.7064137,Average Buy
Kanishk Seth,0,Bowler,0,0,0,,,1,0,-0.781858573,Average Buy
Karan Lal,Bengal,All-Rounder,338,161.72,0,,,2,183.716,252.743549,Average Buy
Kartik Sharma,Rajasthan,Batsman,201,164.75,0,,,0,129.825,216.7754135,Average Buy
Karun Nair,Vidarbha,Batsman,255,177.08,0,,,2,155.124,204.4450086,Average Buy
Khiangte Vanrotlinga,0,Bowler,0,0,0,,,1,0,-0.781858573,Average Buy
Kolagani Rohit Rayudu,Hyderabad,Batsman,173,169.61,0,,,0,120.083,162.98788,Average Buy
Krishnan Shrijith,Karnataka,Batsman,213,176.03,0,,,0,138.009,222.6721603,Average Buy
Krunal Pandya,0,Bowler,0,0,0,,,1,0,-0.781858573,Average Buy
Kumar Kartikeya,0,Bowler,0,0,0,,,1,0,-0.781858573,Average Buy
Kunwar Pathak,Services,Batsman,141,162.07,0,,,0,105.021,196.5983623,Average Buy
L Kishan Singha,0,Bowler,0,0,0,,,1,0,-0.781858573,Average Buy
Lukman Meriwala,0,Bowler,0,0,0,,,1,0,-0.781858573,Average Buy
MD Nidheesh,0,Bowler,0,0,0,,,1,0,-0.781858573,Average Buy
Mahipal Lomror,Rajasthan,Batsman,146,141.75,0,,,0,100.925,204.7519049,Average Buy
Manav Suthar,0,Bowler,0,0,0,,,1,0,-0.781858573,Average Buy
Mandeep Singh,Tripura,Batsman,138,133.98,0,,,0,95.394,200.69005,Average Buy
Manisankar Murasingh,0,Bowler,0,0,0,,,1,0,-0.781858573,Average Buy
Manoj Bhandage,0,Bowler,0,0,0,,,1,0,-0.781858573,Average Buy
Mayank Agarwal,Karnataka,Batsman,179,152.99,0,,,0,117.497,210.6277413,Average Buy
Mayank Dagar,Himachal Pradesh,All-Rounder,146,135.19,0,,,0,98.957,201.3225911,Average Buy
Mohammed Shami,0,Bowler,0,0,0,,,1,0,-0.781858573,Average Buy
Mohit Ahlawat,Services,Batsman,273,167.48,0,,,2,159.444,199.4265006,Average Buy
Mohit Avasthi,0,Bowler,0,0,0,,,1,0,-0.781858573,Average Buy
Mohit Jangra,Mizoram,All-Rounder,296,151.02,0,,,2,163.706,209.5979016,Average Buy
Mohsin Khan,0,Bowler,0,0,0,,,1,0,-0.781858573,Average Buy
Mrinmoy Dutta,0,Bowler,0,0,0,,,1,0,-0.781858573,Average Buy
Mukesh Choudhary,0,Bowler,0,0,0,,,1,0,-0.781858573,Average Buy
Mukhtar Hussain,0,Bowler,0,0,0,,,1,0,-0.781858573,Average Buy
Murugan Ashwin,0,Bowler,0,0,0,,,1,0,-0.781858573,Average Buy
Narayan Jagadeesan,Tamil Nadu,Batsman,280,163.74,0,,,2,161.122,216.2474246,Average Buy
Nishant Sindhu,Haryana,Batsman,200,145.99,0,,,0,123.797,206.9684126,Average Buy
Nitin Sai Yadav,0,Bowler,0,0,0,,,1,0,-0.781858573,Average Buy
Pankaj Kumar,Jharkhand,Batsman,145,152.63,0,,,0,103.789,210.4395472,Average Buy
Paras Dogra,Jammu and Kashmir,Batsman,146,115.87,0,,,0,93.161,172.4467929,Average Buy
Parth Rekhade,0,Bowler,0,0,0,,,1,0,-0.781858573,Average Buy
Parvez Sultan,0,Bowler,0,0,0,,,1,0,-0.781858573,Average Buy
Pheiroijam Jotin,0,Bowler,0,0,0,,,1,0,-0.781858573,Average Buy
Prabhsimran Singh,Punjab,Batsman,207,165.6,0,,,0,132.48,198.4437095,Average Buy
Preak Mankad,Saurashtra,All-Rounder,222,156.34,0,,,0,135.702,231.1550425,Average Buy
Prince Yadav,0,Bowler,0,0,0,,,1,0,-0.781858573,Average Buy
Prithvi Shaw,Mumbai,Batsman,197,156.35,0,,,0,125.705,249.9363211,Average Buy
Priyam Garg,Uttar Pradesh,Batsman,198,144.53,0,,,0,122.559,168.6530791,Average Buy
Priyansh Arya,Delhi,Batsman,325,176.63,0,,,2,182.989,260.5379191,Average Buy
Pulkit Narang,0,Bowler,0,0,0,,,1,0,-0.781858573,Average Buy
Qamran Iqbal,Jammu and Kashmir,Batsman,168,148.67,0,,,0,111.801,208.3694127,Average Buy
R Smaran,Karnataka,Batsman,170,170,0,,,0,119,200.743859,Average Buy
Rahul Chahar,0,Bowler,0,0,0,,,1,0,-0.781858573,Average Buy
Raj Angad Bawa,Chandigarh,All-Rounder,171,136.8,0,,,0,109.44,202.1642367,Average Buy
Rajat Patidar,Madhya Pradesh,Batsman,428,186.09,0,,,2,227.027,284.2592915,Average Buy
Rasikh Salam,0,Bowler,0,0,0,,,1,0,-0.781858573,Average Buy
Ravi Bishnoi,0,Bowler,0,0,0,,,1,0,-0.781858573,Average Buy
Ravi Teja,0,Bowler,0,0,0,,,1,0,-0.781858573,Average Buy
Ravikumar Samarth,Uttarakhand,Batsman,184,131.43,0,,,0,113.029,199.3570089,Average Buy
Ricky Bhui,Andhra Pradesh,Batsman,289,188.89,0,,,2,172.267,229.3948699,Average Buy
Rinku Singh,Uttar Pradesh,Batsman,277,152.2,0,,,2,156.46,247.7668619,Average Buy
Rohan Kunnummal,Kerala,Batsman,244,169.44,0,,,2,148.432,200.4511127,Average Buy
Ruchit Ahir,Saurashtra,Batsman,170,178.95,0,,,0,121.685,186.6465211,Average Buy
Sai Kishore,0,Bowler,0,0,0,,,1,0,-0.781858573,Average Buy
Sakibul Gani,Bihar,Batsman,353,142.34,0,,,2,183.902,205.060334,Average Buy
Salman Nizar,Kerala,Batsman,169,164.08,0,,,0,116.824,197.6491124,Average Buy
Sammar Gajjar,Saurashtra,Batsman,151,132.46,0,,,0,100.138,218.671504,Average Buy
Sandeep Sharma,0,Bowler,0,0,0,,,1,0,-0.781858573,Average Buy
Sandeep Warrier,0,Bowler,0,0,0,,,1,0,-0.781858573,Average Buy
Satyanarayana Raju,0,Bowler,0,0,0,,,1,0,-0.781858573,Average Buy
Sayan Ghosh,0,Bowler,0,0,0,,,1,0,-0.781858573,Average Buy
Shahbaz Ahmed,Bengal,All-Rounder,237,176.87,0,,,0,147.861,260.6633818,Average Buy
Shahrukh Khan,Tamil Nadu,Batsman,137,133.01,0,,,0,94.703,200.1829716,Average Buy
Shardul Thakur,0,Bowler,0,0,0,,,1,0,-0.781858573,Average Buy
Shashwat Rawat,Baroda,Batsman,217,165.65,0,,,0,136.495,179.6937965,Average Buy
Shivalik Sharma,Baroda,Batsman,235,155.63,0,,,0,140.689,249.559933,Average Buy
Shivam Bhambri,Chandigarh,Batsman,241,157.52,0,,,0,143.656,212.9958497,Average Buy
Shivam Dube,Mumbai,Batsman,151,179.76,0,,,0,114.328,187.0699577,Average Buy
Shivam Shukla,0,Bowler,0,0,0,,,1,0,-0.781858573,Average Buy
Shreyas Gopal,0,Bowler,0,0,0,,,1,0,-0.781858573,Average Buy
Shreyas Iyer,Mumbai,Batsman,345,188.52,0,,,2,194.556,266.7535503,Average Buy
Shubham Khajuria,Jammu and Kashmir,Batsman,146,137.74,0,,,0,99.722,202.6556323,Average Buy
Shubham Tari,0,Bowler,0,0,0,,,1,0,-0.781858573,Average Buy
Simarjeet Singh,0,Bowler,0,0,0,,,1,0,-0.781858573,Average Buy
Sridam Paul,Tripura,Batsman,199,151.91,0,,,0,125.173,210.0631591,Average Buy
Srikar Bharat,Andhra Pradesh,Batsman,307,149.76,0,,,2,167.728,208.9392224,Average Buy
Subhranshu Senapati,Madhya Pradesh,Batsman,254,128.93,0,,,0,140.279,254.3782588,Average Buy
Sudip Gharami,Bengal,Batsman,179,118.54,0,,,0,107.162,230.1707185,Average Buy
Sumit Kumar,0,Bowler,0,0,0,,,1,0,-0.781858573,Average Buy
Suryansh Shedge,0,Bowler,0,0,0,,,1,0,-0.781858573,Average Buy
Suyash Prabhudessai,Goa,Batsman,270,150,0,,,0,153,190.2886341,Average Buy
Swastik Piyush Prakash Samal,Odisha,Batsman,257,188.97,0,,,2,159.491,191.8845887,Average Buy
Tanmay Agarwal,Hyderabad,Batsman,158,147.66,0,,,0,107.498,189.0653728,Average Buy
Tanush Kotian,0,Bowler,0,0,0,,,1,0,-0.781858573,Average Buy
Tilak Varma,Hyderabad,Batsman,327,169.43,0,,,2,181.629,219.2219361,Average Buy
Tripurana Vijay,0,Bowler,0,0,0,,,1,0,-0.781858573,Average Buy
Tripuresh Singh,0,Bowler,0,0,0,,,1,0,-0.781858573,Average Buy
Upendra Yadav,Railways,Batsman,172,149.57,0,,,0,113.671,171.2877957,Average Buy
Urvil Patel,Gujarat,Batsman,315,229.93,0,,,2,194.979,232.0729403,Average Buy
Utkarsh Singh,Jharkhand,Batsman,184,146.03,0,,,0,117.409,206.989323,Average Buy
Varun Chakravarthy,0,Bowler,0,0,0,,,1,0,-0.781858573,Average Buy
Vasuki Koushik,0,Bowler,0,0,0,,,1,0,-0.781858573,Average Buy
Venkatesh Iyer,Madhya Pradesh,All-Rounder,227,163.31,0,,,0,139.793,272.3507904,Average Buy
Vidyadhar Patil,0,Bowler,0,0,0,,,1,0,-0.781858573,Average Buy
Vikash Singh,0,Bowler,0,0,0,,,1,0,-0.781858573,Average Buy
Vineet Panwar,0,Bowler,0,0,0,,,1,0,-0.781858573,Average Buy
Vipraj Nigam,0,Bowler,0,0,0,,,1,0,-0.781858573,Average Buy
Virat Singh,Jharkhand,Batsman,183,139.69,0,,,0,115.107,203.6750167,Average Buy
Vishal Gaur,0,Bowler,0,0,0,,,1,0,-0.781858573,Average Buy
Vishal Jayswal,0,Bowler,0,0,0,,,1,0,-0.781858573,Average Buy
Vishnu Solanki,Baroda,Batsman,151,162.37,0,,,0,109.111,253.0833438,Average Buy
Vishvaraj Jadeja,Saurashtra,Batsman,204,154.55,0,,,0,127.965,230.2192998,Average Buy
Vivekanand Tiwari,0,Bowler,0,0,0,,,1,0,-0.781858573,Average Buy
Yash Dhull,Delhi,Batsman,238,117.24,0,,,0,130.372,229.4911289,Average Buy
Yash Thakur,0,Bowler,0,0,0,,,1,0,-0.781858573,Average Buy
Yudhvir Singh,0,Bowler,0,0,0,,,1,0,-0.781858573,Average Buy
Yuvraj Chaudhary,Uttarakhand,Batsman,234,168.35,0,,,2,144.105,181.1052519,Average Buy
Yuzvendra Chahal,0,Bowler,0,0,0,,,1,0,-0.781858573,Average Buy
A Donovan,Philippines,Bowler,,0,59.16,0,0,1,17.748,0.27748008,Average Buy
A Limdawala,Malawi,Bowler,,0,18.1,0,0,1,5.43,-0.457753948,Average Buy
A Sharafu,U.A.E.,Bowler,,0,36.88,0,0,1,11.064,-0.121473017,Average Buy
AM Kimote,0,Bowler,,0,0,84,7.02,1,0,-0.781858573,Average Buy
AR Ramjani,0,Bowler,,0,0,102,4.79,1,0,-0.781858573,Average Buy
Aasif Sheikh,NEP,Bowler,,0,32.83,0,0,1,9.849,-0.193993665,Average Buy
Abbas Ghani,Hungary,Bowler,,0,28.68,0,0,1,8.604,-0.268304946,Average Buy
Abdul Waheed,KSA,Bowler,,0,32.75,0,0,1,9.825,-0.195426171,Average Buy
Abhishek Sharma,India,Bowler,,0,43.42,0,0,1,13.026,-0.0043656,Average Buy
Adam Zampa,0,Bowler,,0,0,134,7.37,1,0,-0.781858573,Average Buy
Adil Rashid,0,Bowler,,0,0,145,7.48,1,0,-0.781858573,Average Buy
Agha Salman,Pakistan,Bowler,,0,26.04,0,0,1,7.812,-0.315577665,Average Buy
Ahmad Ramdoni,Indonesia,Bowler,,0,19.95,0,0,1,5.985,-0.424627232,Average Buy
Ahmer Bin,Bahrain,Bowler,,0,30.43,0,0,1,9.129,-0.236968864,Average Buy
Aizaz Khan,0,Bowler,,0,0,99,7.89,1,0,-0.781858573,Average Buy
Akeal Hosein,0,Bowler,,0,0,83,7.24,1,0,-0.781858573,Average Buy
Ali Dawood,0,Bowler,,0,0,88,6,1,0,-0.781858573,Average Buy
Anshy Rath,Hong Kong,Bowler,,0,40.7,0,0,1,12.21,-0.053070825,Average Buy
Aqib Iqbal,Austria,Bowler,,0,27.17,88,6.67,1,8.151,-0.295343509,Average Buy
Arshdeep Singh,0,Bowler,,0,0,107,8.35,1,0,-0.781858573,Average Buy
Arun Yadav,Tanzania,Bowler,,0,42.1,0,0,1,12.63,-0.028001959,Average Buy
Asif Ali,Bahrain,Bowler,,0,35.37,0,0,1,10.611,-0.148511579,Average Buy
Axar Patel,0,Bowler,,0,0,81,7.22,1,0,-0.781858573,Average Buy
BJ Bennett,Zimbabwe,Bowler,,0,37.44,0,0,1,11.232,-0.11144547,Average Buy
BM Scholtz,0,Bowler,,0,0,79,6.18,1,0,-0.781858573,Average Buy
Babar Hayat,Hong Kong,Bowler,,0,20.55,0,0,1,6.165,-0.413883432,Average Buy
Bhuvneshwar Kumar,0,Bowler,,0,0,90,6.96,1,0,-0.781858573,Average Buy
Bilal Khan,0,Bowler,,0,0,110,6.78,1,0,-0.781858573,Average Buy
Bilal Zalmai,Austria,Bowler,,0,31.5,0,0,1,9.45,-0.217809088,Average Buy
Blessing Muzarabani,0,Bowler,,0,0,93,7.18,1,0,-0.781858573,Average Buy
CW Perchard,0,Bowler,,0,0,83,6.2,1,0,-0.781858573,Average Buy
Chris Jordan,0,Bowler,,0,0,108,8.74,1,0,-0.781858573,Average Buy
Craig Young,0,Bowler,,0,0,86,8.09,1,0,-0.781858573,Average Buy
D Brevis,South Africa,Bowler,,0,30.92,0,0,1,9.276,-0.228194761,Average Buy
D Ndikubwimana,Rwanda,Bowler,,0,27.4,0,0,1,8.22,-0.291225052,Average Buy
DJ Bravo,0,Bowler,,0,0,78,8.11,1,0,-0.781858573,Average Buy
DK Kesuma,Indonesia,Bowler,,0,19.08,0,0,1,5.724,-0.440205742,Average Buy
DM Nakrani,0,Bowler,,0,0,96,5.68,1,0,-0.781858573,Average Buy
DMW Rawlins,BER,Bowler,,0,39.3,0,0,1,11.79,-0.078139691,Average Buy
Dushmantha Chameera,0,Bowler,,0,0,77,7.93,1,0,-0.781858573,Average Buy
Ehsan Khan,0,Bowler,,0,0,132,6.28,1,0,-0.781858573,Average Buy
F Banunaek,0,Bowler,,0,0,76,6.75,1,0,-0.781858573,Average Buy
F Nsubuga,0,Bowler,,0,0,76,4.71,1,0,-0.781858573,Average Buy
Faisal Khan,KSA,Bowler,,0,28.41,0,0,1,8.523,-0.273139656,Average Buy
Fakhar Zaman,Pakistan,Bowler,,0,28.44,0,0,1,8.532,-0.272602466,Average Buy
Fiaz Ahmed,Bahrain,Bowler,,0,50.04,0,0,1,15.012,0.114174324,Average Buy
GA Priandana,Indonesia,Bowler,,0,23.04,0,0,1,6.912,-0.369296664,Average Buy
George Dockrell,0,Bowler,,0,0,83,7.15,1,0,-0.781858573,Average Buy
H Lakov,Bulgaria,Bowler,,0,50.88,0,0,1,15.264,0.129215644,Average Buy
H Ssenyondo,0,Bowler,,0,0,124,5.25,1,0,-0.781858573,Average Buy
Hardik Pandya,0,Bowler,,0,0,99,8.22,1,0,-0.781858573,Average Buy
Haris Rauf,0,Bowler,,0,0,133,8.38,1,0,-0.781858573,Average Buy
Hasan Nawaz,Pakistan,Bowler,,0,20.77,0,0,1,6.231,-0.409944039,Average Buy
I Danladi,Nigeria,Bowler,,0,28.82,0,0,1,8.646,-0.26579806,Average Buy
IO Okpe,0,Bowler,,0,0,80,6.72,1,0,-0.781858573,Average Buy
Ibrahim Zadran,Afghanistan,Bowler,,0,34.84,0,0,1,10.452,-0.158001936,Average Buy
Imal Zuwak,Sweden,Bowler,,0,37.3,0,0,1,11.19,-0.113952357,Average Buy
Imran Anwar,0,Bowler,,0,0,90,7.22,1,0,-0.781858573,Average Buy
Ish Sodhi,0,Bowler,,0,0,157,7.98,1,0,-0.781858573,Average Buy
J Baker,CAY,Bowler,,0,52.33,0,0,1,15.699,0.155179826,Average Buy
Jaker Ali,Bangladesh,Bowler,,0,22.23,0,0,1,6.669,-0.383800793,Average Buy
Jason Holder,0,Bowler,,0,0,97,8.58,1,0,-0.781858573,Average Buy
Jasprit Bumrah,0,Bowler,,0,0,101,6.35,1,0,-0.781858573,Average Buy
Jatinder Singh,Oman,Bowler,,0,31.09,0,0,1,9.327,-0.225150684,Average Buy
Jos Buttler,England,Bowler,,0,34.28,0,0,1,10.284,-0.168029482,Average Buy
Josh Hazlewood,0,Bowler,,0,0,79,7.47,1,0,-0.781858573,Average Buy
Joshua Little,0,Bowler,,0,0,82,7.56,1,0,-0.781858573,Average Buy
Junaid Siddique,0,Bowler,,0,0,113,7.54,1,0,-0.781858573,Average Buy
Kagiso Rabada,0,Bowler,,0,0,77,8.42,1,0,-0.781858573,Average Buy
Karan KC,0,Bowler,,0,0,106,7.71,1,0,-0.781858573,Average Buy
Karanbir Singh,Austria,Bowler,,0,51.31,0,0,1,15.393,0.136915367,Average Buy
Kuldeep Yadav,0,Bowler,,0,0,88,6.83,1,0,-0.781858573,Average Buy
Kusal Mendis,Sri Lanka,Bowler,,0,24.25,0,0,1,7.275,-0.347630001,Average Buy
Kusal Perera,Sri Lanka,Bowler,,0,23.8,0,0,1,7.14,-0.355687851,Average Buy
Kushal Bhurtel,NEP,Bowler,,0,31.81,0,0,1,9.543,-0.212258124,Average Buy
Lasith Malinga,0,Bowler,,0,0,107,7.42,1,0,-0.781858573,Average Buy
Liton Das,Bangladesh,Bowler,,0,27.6,0,0,1,8.28,-0.287643786,Average Buy
Luka Woods,Serbia,Bowler,,0,114,0,0,1,34.2,1.259463374,Average Buy
M Akayezu,0,Bowler,,0,0,93,7.99,1,0,-0.781858573,Average Buy
M Gogev,Bulgaria,Bowler,,0,41.6,0,0,1,12.48,-0.036955126,Average Buy
MD Patel,U.S.A.,Bowler,,0,73,0,0,1,21.9,0.525303727,Average Buy
MNM Aslam,0,Bowler,,0,0,80,6.14,1,0,-0.781858573,Average Buy
Mark Adair,0,Bowler,,0,0,132,7.76,1,0,-0.781858573,Average Buy
Mark Watt,0,Bowler,,0,0,89,6.98,1,0,-0.781858573,Average Buy
Mitchell Marsh,Australia,Bowler,,0,37.83,0,0,1,11.349,-0.104462,Average Buy
Mitchell Santner,0,Bowler,,0,0,130,7.1,1,0,-0.781858573,Average Buy
Mitchell Starc,0,Bowler,,0,0,79,7.74,1,0,-0.781858573,Average Buy
Mohammad Haris,Pakistan,Bowler,,0,18.65,0,0,1,5.595,-0.447905465,Average Buy
Mohammad Nabi,0,Bowler,,0,0,104,7.32,1,0,-0.781858573,Average Buy
Mohammad Nawaz,Pakistan,Bowler,,0,19.05,86,7.16,1,5.715,-0.440742932,Average Buy
Muhammad Waseem,U.A.E.,Bowler,,0,30.4,0,0,1,9.12,-0.237506054,Average Buy
Mujeeb Ur Rahman,0,Bowler,,0,0,76,6.46,1,0,-0.781858573,Average Buy
Mustafizur Rahman,0,Bowler,,0,0,158,7.28,1,0,-0.781858573,Average Buy
NT Tilak Varma,India,Bowler,,0,44.9,0,0,1,13.47,0.022135773,Average Buy
P Kurup,Bahrain,Bowler,,0,31.42,0,0,1,9.426,-0.219241594,Average Buy
Parvez Hossain Emon,Bangladesh,Bowler,,0,24.71,0,0,1,7.413,-0.339393088,Average Buy
Pathum Nissanka,Sri Lanka,Bowler,,0,36.76,0,0,1,11.028,-0.123621777,Average Buy
Paul van Meekeren,0,Bowler,,0,0,84,7.1,1,0,-0.781858573,Average Buy
Pavandeep Singh,0,Bowler,,0,0,93,6.03,1,0,-0.781858573,Average Buy
Philip Salt,England,Bowler,,0,43.4,0,0,1,13.02,-0.004723726,Average Buy
R Mazumder,Cyprus,Bowler,,0,72.16,0,0,1,21.648,0.510262407,Average Buy
Raghav Dhawan,Uganda,Bowler,,0,46,0,0,1,13.8,0.041832739,Average Buy
Rahmanullah Gurbaz,Afghanistan,Bowler,,0,27.42,0,0,1,8.226,-0.290866926,Average Buy
Rashid Khan,0,Bowler,,0,0,182,6.07,1,0,-0.781858573,Average Buy
Richard Ngarava,0,Bowler,,0,0,108,7.3,1,0,-0.781858573,Average Buy
Rizwan Butt,0,Bowler,,0,0,127,6.66,1,0,-0.781858573,Average Buy
Ryan Burl,Zimbabwe,Bowler,,0,31,0,0,1,9.3,-0.226762254,Average Buy
S Lamichhane,0,Bowler,,0,0,129,6.03,1,0,-0.781858573,Average Buy
SO Ngoche,0,Bowler,,0,0,120,5.89,1,0,-0.781858573,Average Buy
Saeed Ajmal,0,Bowler,,0,0,85,6.36,1,0,-0.781858573,Average Buy
Safyaan Sharif,0,Bowler,,0,0,85,8.06,1,0,-0.781858573,Average Buy
Sahibzada Farhan,Pakistan,Bowler,,0,30.84,0,0,1,9.252,-0.229627267,Average Buy
Saif Hassan,Bangladesh,Bowler,,0,30.07,0,0,1,9.021,-0.243415144,Average Buy
Saim Ayub,Pakistan,Bowler,,0,20.75,0,0,1,6.225,-0.410302166,Average Buy
Sami Sohail,Malawi,Bowler,,0,33.73,0,0,1,10.119,-0.177877965,Average Buy
Sediqullah Atal,Afghanistan,Bowler,,0,34,0,0,1,10.2,-0.173043255,Average Buy
Shadab Khan,0,Bowler,,0,0,112,7.37,1,0,-0.781858573,Average Buy
Shaheen Shah Afridi,0,Bowler,,0,0,126,7.71,1,0,-0.781858573,Average Buy
Shahid Afridi,0,Bowler,,0,0,98,6.63,1,0,-0.781858573,Average Buy
Shai Hope,West Indies,Bowler,,0,34.75,0,0,1,10.425,-0.159613506,Average Buy
Shakib Al Hasan,0,Bowler,,0,0,149,6.81,1,0,-0.781858573,Average Buy
Sikandar Raza,Zimbabwe,Bowler,,0,24.36,102,6.76,1,7.308,-0.345660304,Average Buy
Sohail Ahmed,Bahrain,Bowler,,0,62.91,0,0,1,18.873,0.344628828,Average Buy
Sompal Kami,0,Bowler,,0,0,81,7.14,1,0,-0.781858573,Average Buy
Syed Aziz,MAS,Bowler,,0,24.95,0,0,1,7.485,-0.335095568,Average Buy
TB Robinson,New Zealand,Bowler,,0,44.66,0,0,1,13.398,0.017838253,Average Buy
TH David,Australia,Bowler,,0,49.37,0,0,1,14.811,0.102177081,Average Buy
Tabraiz Shamsi,0,Bowler,,0,0,89,7.39,1,0,-0.781858573,Average Buy
Tadiwanashe Marumani,Zimbabwe,Bowler,,0,24,0,0,1,7.2,-0.352106584,Average Buy
Tanzid Hasan,Bangladesh,Bowler,,0,32.29,0,0,1,9.687,-0.203663085,Average Buy
Taskin Ahmed,0,Bowler,,0,0,106,7.75,1,0,-0.781858573,Average Buy
Tim Seifert,New Zealand,Bowler,,0,50.81,0,0,1,15.243,0.1279622,Average Buy
Tim Southee,0,Bowler,,0,0,164,8,1,0,-0.781858573,Average Buy
Towhid Hridoy,Bangladesh,Bowler,,0,25.94,0,0,1,7.782,-0.317368298,Average Buy
Trent Boult,0,Bowler,,0,0,83,7.68,1,0,-0.781858573,Average Buy
Umar Gul,0,Bowler,,0,0,85,7.19,1,0,-0.781858573,Average Buy
V Ravindran,Hungary,Bowler,,0,33.36,0,0,1,10.008,-0.184503308,Average Buy
Virandeep Singh,MAS,Bowler,,0,41.05,105,5.62,1,12.315,-0.046803609,Average Buy
Vraj Patel,0,Bowler,,0,0,86,5.29,1,0,-0.781858573,Average Buy
Walid Ghauri,Norway,Bowler,,0,37.91,0,0,1,11.373,-0.103029494,Average Buy
Wanindu Hasaranga,0,Bowler,,0,0,146,6.95,1,0,-0.781858573,Average Buy
YS Samra,Canada,Bowler,,0,36.83,0,0,1,11.049,-0.122368333,Average Buy
Yasim Murtaza,0,Bowler,,0,0,75,6.37,1,0,-0.781858573,Average Buy
Yuzvendra Chahal,0,Bowler,,0,0,96,8.19,1,0,-0.781858573,Average Buy
Z Bimenyimana,0,Bowler,,0,0,94,7.13,1,0,-0.781858573,Average Buy
Zeeshan Ali,Hong Kong,Bowler,,0,27.66,0,0,1,8.298,-0.286569406,Average Buy
